{
  "IcoMoonType": "selection",
  "icons": [
    {
      "icon": {
        "paths": [
          "M741.714 755.429c0 14.286-5.714 28.571-16 38.857l-77.714 77.714c-10.286 10.286-24.571 16-38.857 16s-28.571-5.714-38.857-16l-168-168-168 168c-10.286 10.286-24.571 16-38.857 16s-28.571-5.714-38.857-16l-77.714-77.714c-10.286-10.286-16-24.571-16-38.857s5.714-28.571 16-38.857l168-168-168-168c-10.286-10.286-16-24.571-16-38.857s5.714-28.571 16-38.857l77.714-77.714c10.286-10.286 24.571-16 38.857-16s28.571 5.714 38.857 16l168 168 168-168c10.286-10.286 24.571-16 38.857-16s28.571 5.714 38.857 16l77.714 77.714c10.286 10.286 16 24.571 16 38.857s-5.714 28.571-16 38.857l-168 168 168 168c10.286 10.286 16 24.571 16 38.857z"
        ],
        "width": 804.5714285714286,
        "attrs": [],
        "isMulticolor": false,
        "isMulticolor2": false,
        "tags": [
          "close",
          "remove",
          "times"
        ],
        "defaultCode": 61453,
        "grid": 14
      },
      "attrs": [],
      "properties": {
        "name": "close",
        "id": 17,
        "order": 14,
        "prevSize": 28,
        "code": 61453
      },
      "setIdx": 0,
      "setId": 0,
      "iconIdx": 17
    },
    {
      "icon": {
        "paths": [
          "M804.571 566.857v274.286c0 20-16.571 36.571-36.571 36.571h-219.429v-219.429h-146.286v219.429h-219.429c-20 0-36.571-16.571-36.571-36.571v-274.286c0-1.143 0.571-2.286 0.571-3.429l328.571-270.857 328.571 270.857c0.571 1.143 0.571 2.286 0.571 3.429zM932 527.429l-35.429 42.286c-2.857 3.429-7.429 5.714-12 6.286h-1.714c-4.571 0-8.571-1.143-12-4l-395.429-329.714-395.429 329.714c-4 2.857-8.571 4.571-13.714 4-4.571-0.571-9.143-2.857-12-6.286l-35.429-42.286c-6.286-7.429-5.143-19.429 2.286-25.714l410.857-342.286c24-20 62.857-20 86.857 0l139.429 116.571v-111.429c0-10.286 8-18.286 18.286-18.286h109.714c10.286 0 18.286 8 18.286 18.286v233.143l125.143 104c7.429 6.286 8.571 18.286 2.286 25.714z"
        ],
        "width": 950.8571428571428,
        "attrs": [],
        "isMulticolor": false,
        "isMulticolor2": false,
        "tags": [
          "home"
        ],
        "defaultCode": 61461,
        "grid": 14
      },
      "attrs": [],
      "properties": {
        "name": "home",
        "id": 24,
        "order": 2,
        "prevSize": 28,
        "code": 61461
      },
      "setIdx": 0,
      "setId": 0,
      "iconIdx": 24
    },
    {
      "icon": {
        "paths": [
          "M731.429 348.571c-21.714 9.714-44.571 16-69.143 19.429 25.143-14.857 44-38.857 53.143-66.857-23.429 13.714-49.143 24-76.571 29.143-21.714-23.429-53.143-37.714-87.429-37.714-66.286 0-120 53.714-120 120 0 9.143 0.571 18.857 2.857 27.429-100-5.143-188.571-52.571-248-125.714-10.286 17.714-16.571 38.857-16.571 60.571 0 41.714 19.429 78.286 52 100-20-0.571-38.857-6.286-57.143-14.857v1.143c0 58.286 44 106.857 98.857 117.714-10.286 2.857-18.286 4.571-29.143 4.571-7.429 0-14.857-1.143-22.286-2.286 15.429 47.429 59.429 82.286 112 83.429-41.143 32-92.571 51.429-149.143 51.429-9.714 0-19.429-0.571-28.571-1.714 53.143 33.714 116 53.714 184 53.714 220.571 0 341.714-182.857 341.714-341.714 0-5.143 0-10.286-0.571-15.429 23.429-16.571 44-37.714 60-62.286zM877.714 237.714v548.571c0 90.857-73.714 164.571-164.571 164.571h-548.571c-90.857 0-164.571-73.714-164.571-164.571v-548.571c0-90.857 73.714-164.571 164.571-164.571h548.571c90.857 0 164.571 73.714 164.571 164.571z"
        ],
        "width": 877.7142857142857,
        "attrs": [],
        "isMulticolor": false,
        "isMulticolor2": false,
        "tags": [
          "twitter-square"
        ],
        "defaultCode": 61569,
        "grid": 14
      },
      "attrs": [],
      "properties": {
        "name": "twitter",
        "id": 122,
        "order": 9,
        "prevSize": 28,
        "code": 61569
      },
      "setIdx": 0,
      "setId": 0,
      "iconIdx": 122
    },
    {
      "icon": {
        "paths": [
          "M713.143 73.143c90.857 0 164.571 73.714 164.571 164.571v548.571c0 90.857-73.714 164.571-164.571 164.571h-107.429v-340h113.714l17.143-132.571h-130.857v-84.571c0-38.286 10.286-64 65.714-64l69.714-0.571v-118.286c-12-1.714-53.714-5.143-101.714-5.143-101.143 0-170.857 61.714-170.857 174.857v97.714h-114.286v132.571h114.286v340h-304c-90.857 0-164.571-73.714-164.571-164.571v-548.571c0-90.857 73.714-164.571 164.571-164.571h548.571z"
        ],
        "width": 877.7142857142857,
        "attrs": [],
        "isMulticolor": false,
        "isMulticolor2": false,
        "tags": [
          "facebook-square"
        ],
        "defaultCode": 61570,
        "grid": 14
      },
      "attrs": [],
      "properties": {
        "name": "facebook",
        "id": 123,
        "order": 8,
        "prevSize": 28,
        "code": 61570
      },
      "setIdx": 0,
      "setId": 0,
      "iconIdx": 123
    },
    {
      "icon": {
        "paths": [
          "M135.429 808h132v-396.571h-132v396.571zM276 289.143c-0.571-38.857-28.571-68.571-73.714-68.571s-74.857 29.714-74.857 68.571c0 37.714 28.571 68.571 73.143 68.571h0.571c46.286 0 74.857-30.857 74.857-68.571zM610.286 808h132v-227.429c0-121.714-65.143-178.286-152-178.286-70.857 0-102.286 39.429-119.429 66.857h1.143v-57.714h-132s1.714 37.143 0 396.571v0h132v-221.714c0-11.429 0.571-23.429 4-32 9.714-23.429 31.429-48 68-48 47.429 0 66.286 36 66.286 89.714v212zM877.714 237.714v548.571c0 90.857-73.714 164.571-164.571 164.571h-548.571c-90.857 0-164.571-73.714-164.571-164.571v-548.571c0-90.857 73.714-164.571 164.571-164.571h548.571c90.857 0 164.571 73.714 164.571 164.571z"
        ],
        "width": 877.7142857142857,
        "attrs": [],
        "isMulticolor": false,
        "isMulticolor2": false,
        "tags": [
          "linkedin-square"
        ],
        "defaultCode": 61580,
        "grid": 14
      },
      "attrs": [],
      "properties": {
        "name": "linkedin",
        "id": 133,
        "order": 7,
        "prevSize": 28,
        "code": 61580
      },
      "setIdx": 0,
      "setId": 0,
      "iconIdx": 133
    },
    {
      "icon": {
        "paths": [
          "M832 694.857c0-14.857-5.714-28.571-16-38.857l-118.857-118.857c-10.286-10.286-24.571-16-38.857-16-16.571 0-29.714 6.286-41.143 18.286 18.857 18.857 41.143 34.857 41.143 64 0 30.286-24.571 54.857-54.857 54.857-29.143 0-45.143-22.286-64-41.143-12 11.429-18.857 24.571-18.857 41.714 0 14.286 5.714 28.571 16 38.857l117.714 118.286c10.286 10.286 24.571 15.429 38.857 15.429s28.571-5.143 38.857-14.857l84-83.429c10.286-10.286 16-24 16-38.286zM430.286 292c0-14.286-5.714-28.571-16-38.857l-117.714-118.286c-10.286-10.286-24.571-16-38.857-16s-28.571 5.714-38.857 15.429l-84 83.429c-10.286 10.286-16 24-16 38.286 0 14.857 5.714 28.571 16 38.857l118.857 118.857c10.286 10.286 24.571 15.429 38.857 15.429 16.571 0 29.714-5.714 41.143-17.714-18.857-18.857-41.143-34.857-41.143-64 0-30.286 24.571-54.857 54.857-54.857 29.143 0 45.143 22.286 64 41.143 12-11.429 18.857-24.571 18.857-41.714zM941.714 694.857c0 43.429-17.714 85.714-48.571 116l-84 83.429c-30.857 30.857-72.571 47.429-116 47.429-44 0-85.714-17.143-116.571-48.571l-117.714-118.286c-30.857-30.857-47.429-72.571-47.429-116 0-45.143 18.286-88 50.286-119.429l-50.286-50.286c-31.429 32-73.714 50.286-118.857 50.286-43.429 0-85.714-17.143-116.571-48l-118.857-118.857c-31.429-31.429-48-72.571-48-116.571 0-43.429 17.714-85.714 48.571-116l84-83.429c30.857-30.857 72.571-47.429 116-47.429 44 0 85.714 17.143 116.571 48.571l117.714 118.286c30.857 30.857 47.429 72.571 47.429 116 0 45.143-18.286 88-50.286 119.429l50.286 50.286c31.429-32 73.714-50.286 118.857-50.286 43.429 0 85.714 17.143 116.571 48l118.857 118.857c31.429 31.429 48 72.571 48 116.571z"
        ],
        "width": 950.8571428571428,
        "attrs": [],
        "isMulticolor": false,
        "isMulticolor2": false,